inference_time (millisec),conf_scores,class_names,bboxes
3.4942586421966553,"[87, 85, 83]","['person', 'person', 'person']","[[0, 134, 42, 275], [588, 104, 639, 277], [550, 127, 610, 273]]"
0.021651268005371094,"[87, 86, 84]","['person', 'person', 'person']","[[587, 105, 639, 277], [546, 128, 609, 273], [4, 134, 44, 274]]"
0.020090579986572266,"[87, 83]","['person', 'person']","[[539, 129, 616, 277], [7, 134, 47, 274]]"
0.021839618682861328,"[86, 83, 81]","['person', 'person', 'person']","[[588, 104, 639, 277], [533, 129, 604, 275], [12, 133, 49, 274]]"
0.020981550216674805,"[87, 83]","['person', 'person']","[[585, 104, 639, 277], [13, 133, 50, 274]]"
0.020198345184326172,[89],['person'],"[[582, 103, 639, 278]]"
0.02093219757080078,"[89, 82]","['person', 'person']","[[578, 102, 639, 276], [526, 129, 609, 275]]"
0.020990610122680664,"[88, 87, 82]","['person', 'person', 'person']","[[575, 102, 628, 276], [527, 128, 603, 274], [18, 137, 70, 275]]"
0.01977396011352539,"[87, 85, 84]","['person', 'person', 'person']","[[572, 101, 624, 279], [520, 128, 599, 275], [18, 134, 74, 275]]"
0.020000219345092773,"[87, 85, 85]","['person', 'person', 'person']","[[569, 101, 622, 281], [516, 127, 593, 275], [18, 133, 78, 275]]"
0.019963741302490234,"[89, 88, 86, 81]","['person', 'person', 'person', 'person']","[[18, 136, 82, 275], [511, 127, 582, 274], [562, 102, 620, 282], [60, 163, 99, 267]]"
0.019006729125976562,"[89, 87, 87]","['person', 'person', 'person']","[[18, 135, 84, 275], [552, 102, 618, 279], [511, 127, 574, 274]]"
0.01893782615661621,"[88, 88, 85]","['person', 'person', 'person']","[[551, 103, 617, 280], [18, 135, 83, 275], [506, 127, 565, 276]]"
0.019713163375854492,"[88, 88, 85, 82]","['person', 'person', 'person', 'person']","[[545, 103, 617, 281], [21, 133, 83, 275], [501, 127, 558, 276], [603, 157, 633, 251]]"
0.01963353157043457,"[89, 88, 87, 81]","['person', 'person', 'person', 'person']","[[543, 104, 616, 282], [24, 133, 83, 275], [495, 128, 556, 277], [600, 154, 633, 251]]"
0.01967167854309082,"[89, 87, 86, 81]","['person', 'person', 'person', 'person']","[[540, 103, 615, 283], [491, 128, 555, 277], [28, 133, 83, 274], [598, 154, 632, 252]]"
0.018960952758789062,"[90, 88, 88, 85]","['person', 'person', 'person', 'person']","[[537, 102, 613, 283], [595, 154, 631, 252], [493, 129, 554, 277], [33, 134, 83, 273]]"
0.019176483154296875,"[88, 87, 87, 85]","['person', 'person', 'person', 'person']","[[538, 101, 608, 283], [591, 153, 628, 253], [486, 129, 554, 278], [41, 134, 83, 273]]"
0.020009279251098633,"[89, 87, 85, 83]","['person', 'person', 'person', 'person']","[[537, 100, 602, 284], [482, 130, 553, 280], [587, 153, 626, 252], [49, 136, 84, 273]]"
0.019185543060302734,"[88, 87, 83, 82]","['person', 'person', 'person', 'person']","[[478, 130, 552, 280], [534, 100, 594, 284], [580, 153, 620, 254], [52, 134, 87, 273]]"
0.019698381423950195,"[88, 87, 83, 82]","['person', 'person', 'person', 'person']","[[475, 129, 553, 279], [531, 100, 585, 284], [54, 135, 90, 273], [579, 153, 615, 254]]"
0.022617578506469727,"[88, 85, 85, 82, 82]","['person', 'person', 'person', 'person', 'person']","[[472, 129, 551, 278], [528, 99, 577, 284], [581, 152, 613, 254], [56, 134, 98, 274], [0, 159, 21, 269]]"
0.01862025260925293,"[88, 88, 87, 85, 85]","['person', 'person', 'person', 'person', 'person']","[[523, 99, 574, 282], [469, 127, 545, 279], [58, 135, 107, 274], [0, 160, 25, 269], [580, 152, 611, 254]]"
0.018999576568603516,"[90, 87, 83, 83, 82]","['person', 'person', 'person', 'person', 'person']","[[58, 135, 112, 275], [519, 99, 571, 284], [466, 127, 537, 279], [579, 152, 609, 254], [0, 158, 30, 269]]"
0.018923521041870117,"[90, 87, 86, 86]","['person', 'person', 'person', 'person']","[[58, 136, 113, 275], [465, 127, 521, 278], [574, 152, 607, 254], [511, 99, 570, 284]]"
0.01935720443725586,"[89, 89, 86, 85, 84]","['person', 'person', 'person', 'person', 'person']","[[0, 158, 38, 270], [58, 136, 114, 275], [510, 100, 566, 284], [458, 126, 517, 280], [567, 153, 606, 254]]"
0.02303004264831543,"[89, 89, 86, 86, 86]","['person', 'person', 'person', 'person', 'person']","[[0, 157, 41, 269], [58, 135, 114, 275], [562, 153, 604, 255], [453, 127, 513, 275], [486, 100, 565, 285]]"
0.0207672119140625,"[91, 87, 87, 86, 86]","['person', 'person', 'person', 'person', 'person']","[[2, 157, 51, 269], [58, 135, 115, 274], [448, 127, 511, 272], [478, 101, 565, 285], [559, 153, 604, 254]]"
0.018656253814697266,"[91, 91, 88, 86]","['person', 'person', 'person', 'person']","[[2, 157, 58, 269], [479, 102, 564, 286], [445, 127, 507, 278], [59, 134, 115, 275]]"
0.019004106521606445,"[90, 90, 88, 87, 86]","['person', 'person', 'person', 'person', 'person']","[[3, 159, 61, 269], [476, 102, 564, 285], [557, 154, 603, 255], [442, 127, 503, 279], [63, 133, 115, 275]]"
0.019020795822143555,"[91, 90, 86, 86, 85]","['person', 'person', 'person', 'person', 'person']","[[5, 159, 62, 269], [476, 102, 563, 285], [437, 128, 499, 279], [556, 155, 604, 255], [67, 133, 115, 275]]"
0.01851177215576172,"[90, 89, 89, 85, 82]","['person', 'person', 'person', 'person', 'person']","[[7, 159, 63, 269], [476, 102, 562, 285], [552, 154, 603, 255], [70, 133, 116, 275], [433, 129, 494, 278]]"
0.020507097244262695,"[89, 89, 88, 86, 81]","['person', 'person', 'person', 'person', 'person']","[[12, 158, 64, 269], [475, 102, 558, 286], [551, 155, 603, 256], [429, 130, 491, 281], [76, 133, 116, 274]]"
0.01898646354675293,"[90, 89, 88, 86, 82]","['person', 'person', 'person', 'person', 'person']","[[20, 159, 68, 268], [551, 154, 601, 256], [474, 101, 552, 285], [428, 131, 487, 281], [80, 133, 118, 275]]"
0.01842522621154785,"[88, 88, 87, 85, 81]","['person', 'person', 'person', 'person', 'person']","[[551, 154, 599, 256], [29, 158, 71, 268], [473, 100, 545, 284], [425, 130, 483, 281], [86, 133, 121, 275]]"
0.019304990768432617,"[89, 88, 87, 84]","['person', 'person', 'person', 'person']","[[472, 99, 534, 285], [551, 154, 597, 256], [35, 158, 74, 268], [419, 129, 482, 281]]"
0.019122838973999023,"[89, 88, 87, 86]","['person', 'person', 'person', 'person']","[[469, 98, 523, 286], [39, 158, 77, 268], [415, 129, 488, 281], [551, 154, 593, 256]]"
0.01961350440979004,"[89, 88, 86, 85]","['person', 'person', 'person', 'person']","[[466, 98, 513, 286], [43, 158, 81, 268], [92, 132, 139, 274], [550, 154, 587, 256]]"
0.019111156463623047,"[90, 88, 87, 87, 81]","['person', 'person', 'person', 'person', 'person']","[[44, 158, 88, 268], [461, 97, 510, 289], [93, 133, 146, 274], [409, 128, 483, 281], [549, 154, 583, 257]]"
0.021075963973999023,"[90, 90, 89, 86, 83]","['person', 'person', 'person', 'person', 'person']","[[94, 134, 151, 275], [44, 158, 94, 268], [455, 97, 508, 292], [407, 127, 473, 281], [548, 154, 578, 256]]"
0.01894688606262207,"[90, 90, 88, 82, 81]","['person', 'person', 'person', 'person', 'person']","[[94, 134, 154, 275], [44, 158, 96, 268], [443, 98, 507, 290], [546, 153, 575, 257], [569, 168, 590, 243]]"
0.01811385154724121,"[90, 89, 87, 85, 82]","['person', 'person', 'person', 'person', 'person']","[[94, 134, 155, 275], [46, 158, 96, 268], [437, 98, 506, 290], [567, 168, 591, 243], [398, 126, 458, 283]]"
0.01833486557006836,"[88, 87, 86, 86, 82]","['person', 'person', 'person', 'person', 'person']","[[50, 158, 99, 268], [394, 126, 451, 279], [434, 98, 505, 291], [94, 133, 155, 275], [566, 168, 592, 243]]"
0.020000696182250977,"[89, 88, 87, 85, 84, 81]","['person', 'person', 'person', 'person', 'person', 'person']","[[56, 158, 102, 268], [391, 127, 450, 281], [94, 133, 151, 275], [430, 98, 506, 292], [567, 167, 592, 243], [542, 154, 572, 256]]"
0.019331693649291992,"[88, 88, 88, 87, 84]","['person', 'person', 'person', 'person', 'person']","[[387, 126, 448, 280], [63, 158, 106, 268], [428, 97, 504, 293], [95, 134, 154, 275], [567, 167, 594, 244]]"
0.019026517868041992,"[90, 89, 88, 87, 83]","['person', 'person', 'person', 'person', 'person']","[[383, 129, 448, 281], [71, 158, 109, 267], [426, 97, 503, 291], [99, 134, 154, 275], [567, 167, 595, 243]]"
0.01934218406677246,"[89, 88, 88, 87, 83]","['person', 'person', 'person', 'person', 'person']","[[425, 95, 501, 292], [101, 134, 154, 274], [379, 130, 447, 281], [75, 158, 112, 267], [567, 166, 593, 243]]"
0.019003629684448242,"[90, 90, 88, 85, 83, 82]","['person', 'person', 'person', 'person', 'person', 'person']","[[423, 93, 493, 292], [375, 129, 446, 282], [78, 158, 117, 267], [106, 134, 156, 275], [566, 166, 593, 244], [533, 154, 569, 258]]"
0.018786191940307617,"[89, 88, 87, 83, 81, 81]","['person', 'person', 'person', 'person', 'person', 'person']","[[372, 129, 447, 282], [80, 158, 120, 267], [420, 92, 487, 293], [532, 155, 569, 258], [565, 166, 593, 243], [112, 133, 156, 274]]"
0.01975417137145996,"[89, 85, 84, 83, 82]","['person', 'person', 'person', 'person', 'person']","[[81, 159, 122, 267], [368, 129, 444, 284], [564, 166, 593, 243], [532, 154, 568, 258], [419, 91, 478, 291]]"
0.018982648849487305,"[87, 87, 83, 82, 82]","['person', 'person', 'person', 'person', 'person']","[[418, 91, 466, 291], [81, 159, 127, 267], [532, 154, 568, 258], [124, 133, 158, 274], [564, 165, 593, 243]]"
0.018754243850708008,"[88, 86, 84, 83, 82, 81]","['person', 'person', 'person', 'person', 'person', 'person']","[[82, 160, 130, 267], [411, 91, 463, 292], [532, 153, 566, 258], [127, 132, 162, 275], [564, 165, 593, 244], [617, 139, 639, 265]]"
0.01850724220275879,"[89, 88, 85, 83, 83, 82]","['person', 'person', 'person', 'person', 'person', 'person']","[[85, 160, 132, 267], [357, 126, 423, 284], [405, 91, 460, 291], [128, 132, 169, 274], [615, 139, 639, 265], [532, 153, 564, 258]]"
0.02039480209350586,"[88, 87, 86, 84, 84, 82, 81]","['person', 'person', 'person', 'person', 'person', 'person', 'person']","[[354, 126, 409, 284], [87, 160, 134, 267], [399, 90, 457, 291], [130, 133, 177, 274], [611, 139, 639, 264], [530, 152, 562, 258], [564, 165, 593, 244]]"
0.021022558212280273,"[90, 88, 86, 86, 83, 83]","['person', 'person', 'person', 'person', 'person', 'person']","[[349, 125, 406, 284], [131, 133, 183, 274], [391, 93, 456, 291], [95, 159, 137, 267], [529, 152, 560, 258], [609, 139, 639, 265]]"
0.019806385040283203,"[88, 86, 83, 81]","['person', 'person', 'person', 'person']","[[131, 133, 188, 274], [103, 158, 139, 266], [565, 164, 594, 244], [528, 152, 560, 258]]"
0.018904685974121094,"[87, 87, 82, 81]","['person', 'person', 'person', 'person']","[[362, 92, 456, 292], [131, 134, 188, 274], [112, 158, 143, 265], [566, 164, 596, 244]]"
0.020091772079467773,"[89, 89, 86, 82]","['person', 'person', 'person', 'person']","[[358, 93, 456, 293], [132, 135, 190, 275], [337, 125, 397, 271], [566, 164, 598, 244]]"
0.020000696182250977,"[89, 88, 87, 82]","['person', 'person', 'person', 'person']","[[132, 133, 191, 275], [333, 126, 393, 284], [361, 93, 455, 293], [523, 151, 553, 258]]"
0.01956629753112793,"[89, 88, 85, 84, 81]","['person', 'person', 'person', 'person', 'person']","[[356, 94, 453, 292], [133, 132, 191, 275], [329, 126, 389, 282], [516, 151, 553, 258], [567, 164, 599, 245]]"
0.0202329158782959,"[90, 84, 81]","['person', 'person', 'person']","[[355, 93, 452, 293], [135, 132, 190, 275], [325, 127, 396, 283]]"
0.020000457763671875,"[90, 84, 81]","['person', 'person', 'person']","[[355, 94, 451, 293], [137, 132, 190, 275], [321, 128, 381, 282]]"
0.019972801208496094,"[88, 84, 81]","['person', 'person', 'person']","[[354, 93, 447, 292], [501, 152, 552, 258], [140, 131, 190, 275]]"
0.019408464431762695,"[88, 85]","['person', 'person']","[[355, 93, 437, 293], [498, 152, 551, 258]]"
0.018593311309814453,"[88, 83, 82]","['person', 'person', 'person']","[[355, 92, 426, 293], [497, 152, 551, 259], [612, 118, 639, 276]]"
0.018999338150024414,"[86, 86, 85, 84]","['person', 'person', 'person', 'person']","[[307, 129, 364, 285], [353, 91, 416, 291], [496, 153, 551, 259], [609, 118, 639, 276]]"
0.01983642578125,"[89, 86, 86, 85]","['person', 'person', 'person', 'person']","[[303, 128, 360, 284], [349, 91, 403, 292], [496, 153, 551, 259], [606, 118, 639, 276]]"
0.019062280654907227,"[89, 86, 86, 85]","['person', 'person', 'person', 'person']","[[300, 127, 355, 284], [496, 153, 551, 259], [344, 90, 393, 292], [604, 118, 639, 276]]"
0.01899886131286621,"[87, 87, 85, 85]","['person', 'person', 'person', 'person']","[[337, 90, 390, 295], [296, 127, 350, 284], [496, 152, 550, 259], [599, 118, 639, 276]]"
0.01971292495727539,"[87, 85, 84, 84]","['person', 'person', 'person', 'person']","[[323, 91, 388, 296], [592, 119, 639, 276], [164, 130, 213, 274], [496, 152, 549, 259]]"
0.019622325897216797,"[87, 87, 86, 85]","['person', 'person', 'person', 'person']","[[584, 119, 639, 277], [305, 91, 388, 294], [165, 130, 221, 274], [496, 152, 546, 259]]"
0.019506454467773438,"[88, 87, 85, 85]","['person', 'person', 'person', 'person']","[[167, 131, 227, 274], [295, 92, 388, 294], [496, 152, 544, 259], [580, 119, 639, 277]]"
0.019964933395385742,"[88, 87, 86, 81]","['person', 'person', 'person', 'person']","[[291, 92, 388, 296], [168, 130, 224, 274], [573, 120, 639, 277], [496, 152, 539, 259]]"
0.018736600875854492,"[87, 81, 81]","['person', 'person', 'person']","[[168, 131, 221, 275], [291, 92, 388, 297], [276, 126, 331, 285]]"
0.01920032501220703,"[88, 87, 85, 84]","['person', 'person', 'person', 'person']","[[289, 92, 387, 298], [563, 122, 639, 278], [272, 127, 326, 286], [169, 132, 226, 277]]"
0.01900029182434082,"[89, 87, 85, 83]","['person', 'person', 'person', 'person']","[[287, 91, 386, 299], [169, 132, 225, 287], [560, 122, 639, 277], [491, 152, 523, 259]]"
0.019693851470947266,"[88, 88, 87]","['person', 'person', 'person']","[[287, 90, 382, 299], [170, 131, 225, 286], [558, 123, 639, 278]]"
0.019746780395507812,"[87, 87, 85, 83]","['person', 'person', 'person', 'person']","[[173, 131, 226, 276], [287, 89, 376, 299], [557, 122, 638, 277], [487, 152, 518, 260]]"
0.0200808048248291,"[86, 86, 83]","['person', 'person', 'person']","[[558, 122, 632, 278], [287, 89, 367, 299], [486, 152, 517, 260]]"
0.020004749298095703,"[88, 88, 85, 83, 83]","['person', 'person', 'person', 'person', 'person']","[[252, 128, 305, 286], [288, 88, 356, 299], [482, 152, 516, 259], [182, 131, 231, 281], [556, 122, 627, 277]]"
0.020676851272583008,"[87, 85, 84, 83, 81]","['person', 'person', 'person', 'person', 'person']","[[248, 127, 300, 286], [475, 152, 516, 259], [287, 88, 342, 298], [556, 122, 620, 276], [528, 171, 557, 247]]"
0.01934218406677246,"[88, 86, 85, 84, 82]","['person', 'person', 'person', 'person', 'person']","[[470, 153, 516, 259], [244, 126, 296, 286], [555, 122, 611, 276], [286, 88, 328, 296], [367, 159, 410, 252]]"
0.019472360610961914,"[87, 87, 86, 84]","['person', 'person', 'person', 'person']","[[466, 153, 516, 259], [280, 89, 325, 297], [240, 126, 293, 285], [554, 122, 606, 277]]"
0.019770383834838867,"[87, 85, 83, 82]","['person', 'person', 'person', 'person']","[[465, 153, 516, 260], [267, 89, 322, 298], [234, 124, 287, 288], [550, 121, 602, 276]]"
0.019665956497192383,"[87, 81]","['person', 'person']","[[463, 153, 516, 260], [547, 122, 601, 279]]"
0.01900339126586914,"[87, 86]","['person', 'person']","[[463, 153, 516, 260], [544, 121, 592, 279]]"
0.019713640213012695,"[89, 89, 83]","['person', 'person', 'person']","[[225, 92, 320, 298], [462, 153, 516, 261], [534, 121, 589, 278]]"
0.018778562545776367,"[90, 88, 85]","['person', 'person', 'person']","[[223, 93, 321, 298], [462, 153, 515, 261], [526, 121, 587, 278]]"
0.019402265548706055,"[92, 88, 86]","['person', 'person', 'person']","[[220, 94, 320, 298], [462, 152, 512, 261], [522, 121, 585, 278]]"
0.018999814987182617,"[91, 89]","['person', 'person']","[[219, 94, 319, 298], [462, 152, 510, 260]]"
0.01971149444580078,"[89, 86]","['person', 'person']","[[216, 94, 317, 299], [461, 152, 505, 261]]"
0.019559621810913086,"[86, 82]","['person', 'person']","[[461, 152, 502, 261], [208, 95, 313, 298]]"
0.018619537353515625,"[84, 83]","['person', 'person']","[[459, 152, 496, 261], [512, 121, 566, 279]]"
0.019782066345214844,"[82, 81]","['person', 'person']","[[514, 120, 573, 280], [457, 152, 491, 260]]"
0.02006053924560547,[84],['person'],"[[455, 152, 485, 260]]"
0.01900029182434082,"[86, 86, 85]","['person', 'person', 'person']","[[184, 93, 266, 296], [512, 118, 558, 280], [454, 152, 484, 260]]"
0.020589590072631836,"[85, 84]","['person', 'person']","[[511, 117, 555, 280], [450, 152, 482, 260]]"
0.020333051681518555,"[87, 85, 84]","['person', 'person', 'person']","[[178, 92, 252, 299], [508, 117, 552, 282], [447, 153, 481, 260]]"
0.025005817413330078,"[86, 85]","['person', 'person']","[[440, 152, 481, 260], [506, 117, 548, 281]]"
0.018587827682495117,"[88, 85, 81]","['person', 'person', 'person']","[[433, 153, 481, 260], [503, 117, 545, 282], [164, 92, 250, 297]]"
0.019998788833618164,"[87, 85, 84]","['person', 'person', 'person']","[[429, 153, 480, 261], [492, 118, 542, 282], [245, 125, 288, 276]]"
0.019021272659301758,"[86, 85, 83]","['person', 'person', 'person']","[[427, 154, 480, 261], [479, 118, 541, 281], [246, 124, 295, 275]]"
0.019331932067871094,"[89, 88, 86, 83]","['person', 'person', 'person', 'person']","[[150, 95, 250, 297], [245, 126, 302, 277], [424, 154, 480, 261], [468, 119, 541, 282]]"
0.020999431610107422,"[88, 88, 86, 86]","['person', 'person', 'person', 'person']","[[143, 95, 248, 297], [245, 127, 305, 277], [424, 155, 480, 261], [462, 120, 541, 282]]"
0.02002716064453125,"[91, 88, 88]","['person', 'person', 'person']","[[141, 96, 248, 298], [245, 128, 309, 277], [423, 155, 479, 261]]"
0.018738985061645508,"[92, 88, 88]","['person', 'person', 'person']","[[141, 93, 244, 299], [423, 155, 478, 261], [246, 130, 309, 276]]"
0.01934957504272461,"[92, 90, 87, 83]","['person', 'person', 'person', 'person']","[[141, 93, 237, 299], [245, 128, 311, 277], [423, 154, 476, 261], [458, 121, 541, 282]]"
0.02000141143798828,"[91, 88, 87]","['person', 'person', 'person']","[[247, 129, 311, 276], [139, 92, 229, 299], [423, 154, 473, 261]]"
0.018511056900024414,"[91, 86, 85, 84]","['person', 'person', 'person', 'person']","[[248, 129, 311, 276], [423, 153, 468, 262], [139, 93, 219, 298], [553, 158, 585, 249]]"
0.018941640853881836,"[88, 88, 86, 82]","['person', 'person', 'person', 'person']","[[124, 92, 215, 300], [251, 128, 311, 277], [422, 153, 465, 261], [551, 158, 582, 249]]"
0.019170045852661133,"[87, 85, 82, 81, 81]","['person', 'person', 'person', 'person', 'person']","[[256, 128, 311, 277], [421, 153, 458, 261], [121, 94, 204, 298], [550, 158, 580, 249], [584, 185, 611, 253]]"
0.01983165740966797,"[87, 86, 84, 83, 81]","['person', 'person', 'person', 'person', 'person']","[[117, 93, 187, 300], [261, 128, 311, 275], [419, 153, 452, 261], [547, 158, 576, 250], [457, 121, 501, 281]]"
0.018972158432006836,"[89, 83, 83, 82]","['person', 'person', 'person', 'person']","[[114, 94, 182, 299], [417, 154, 446, 261], [545, 158, 575, 250], [456, 121, 499, 284]]"
0.018511295318603516,"[92, 83, 81]","['person', 'person', 'person']","[[108, 95, 178, 298], [414, 153, 444, 262], [586, 187, 616, 254]]"
0.018805742263793945,"[90, 84]","['person', 'person']","[[99, 96, 177, 299], [441, 121, 494, 283]]"
0.018558740615844727,"[92, 85, 83]","['person', 'person', 'person']","[[93, 97, 176, 300], [404, 154, 443, 261], [279, 128, 320, 276]]"
0.01905083656311035,"[91, 86, 82, 81]","['person', 'person', 'person', 'person']","[[88, 98, 175, 299], [397, 154, 442, 262], [423, 120, 489, 282], [286, 128, 328, 276]]"
0.01999354362487793,"[91, 84, 84]","['person', 'person', 'person']","[[82, 100, 175, 298], [392, 155, 441, 262], [420, 121, 489, 283]]"
0.019025564193725586,"[90, 84, 82, 82, 82]","['person', 'person', 'person', 'person', 'person']","[[79, 100, 174, 299], [286, 129, 350, 277], [415, 121, 481, 283], [388, 155, 439, 263], [541, 158, 571, 251]]"
0.019934654235839844,"[90, 86, 82]","['person', 'person', 'person']","[[77, 101, 172, 298], [286, 128, 352, 276], [539, 158, 569, 251]]"
0.01862788200378418,"[90, 81, 81, 81]","['person', 'person', 'person', 'person']","[[76, 100, 168, 299], [287, 129, 353, 276], [538, 158, 568, 251], [386, 156, 433, 264]]"
0.01900935173034668,"[90, 83, 81]","['person', 'person', 'person']","[[76, 101, 164, 299], [287, 129, 355, 277], [538, 158, 567, 251]]"
0.01795673370361328,"[89, 88, 81]","['person', 'person', 'person']","[[73, 101, 160, 296], [288, 129, 356, 276], [417, 119, 469, 281]]"
0.01904129981994629,"[88, 86]","['person', 'person']","[[287, 129, 356, 276], [70, 102, 154, 296]]"
0.024500131607055664,"[87, 85, 85, 82, 81]","['person', 'person', 'person', 'person', 'person']","[[292, 128, 356, 276], [340, 160, 377, 260], [66, 101, 145, 294], [535, 158, 562, 251], [576, 186, 616, 255]]"
0.018973350524902344,"[87, 86, 83, 82]","['person', 'person', 'person', 'person']","[[294, 128, 356, 276], [61, 101, 138, 296], [533, 157, 561, 251], [413, 117, 456, 282]]"
0.018624305725097656,"[88, 86, 84, 82, 82, 81]","['person', 'person', 'person', 'person', 'person', 'person']","[[298, 128, 356, 275], [57, 100, 124, 299], [409, 117, 453, 283], [344, 161, 386, 261], [382, 154, 410, 265], [532, 157, 560, 251]]"
0.019046306610107422,"[87, 87, 82]","['person', 'person', 'person']","[[299, 127, 356, 275], [51, 101, 121, 298], [442, 139, 490, 274]]"
0.01912999153137207,"[82, 82]","['person', 'person']","[[526, 157, 557, 252], [439, 139, 487, 274]]"
0.018534421920776367,"[88, 85, 82, 81]","['person', 'person', 'person', 'person']","[[23, 104, 118, 296], [399, 117, 446, 283], [437, 139, 483, 275], [521, 157, 556, 252]]"
0.018110036849975586,"[83, 83, 81]","['person', 'person', 'person']","[[395, 117, 443, 284], [22, 106, 118, 295], [517, 159, 556, 252]]"
0.018601417541503906,[84],['person'],"[[23, 105, 118, 296]]"
0.019214153289794922,[85],['person'],"[[18, 105, 117, 297]]"
0.02393937110900879,"[88, 81]","['person', 'person']","[[14, 105, 116, 297], [515, 158, 556, 253]]"
0.019591093063354492,"[88, 84]","['person', 'person']","[[18, 105, 115, 297], [515, 159, 555, 252]]"
0.019000768661499023,"[88, 85]","['person', 'person']","[[18, 105, 111, 297], [515, 159, 554, 252]]"
0.01850581169128418,"[89, 86]","['person', 'person']","[[15, 104, 110, 297], [514, 159, 554, 252]]"
0.017879962921142578,"[87, 84]","['person', 'person']","[[514, 158, 553, 252], [15, 103, 108, 295]]"
0.019056081771850586,[85],['person'],"[[513, 158, 551, 252]]"
0.018862247467041016,"[83, 82]","['person', 'person']","[[513, 158, 548, 251], [410, 137, 451, 278]]"
0.02313685417175293,"[85, 83]","['person', 'person']","[[0, 102, 67, 298], [508, 157, 545, 251]]"
0.018728256225585938,"[86, 81]","['person', 'person']","[[0, 104, 64, 298], [506, 157, 541, 251]]"
0.018550634384155273,"[88, 83, 81]","['person', 'person', 'person']","[[0, 105, 57, 297], [404, 136, 451, 277], [357, 119, 402, 285]]"
0.018507003784179688,"[89, 83, 81]","['person', 'person', 'person']","[[0, 104, 53, 297], [399, 136, 449, 276], [505, 157, 537, 251]]"
0.0185086727142334,"[87, 84]","['person', 'person']","[[0, 112, 53, 298], [397, 134, 446, 277]]"
0.019810199737548828,"[86, 83]","['person', 'person']","[[0, 108, 53, 298], [394, 133, 443, 277]]"
0.01851177215576172,[89],['person'],"[[0, 108, 53, 298]]"
0.018778562545776367,[88],['person'],"[[0, 109, 50, 298]]"
0.0186917781829834,"[84, 81]","['person', 'person']","[[315, 119, 386, 287], [0, 108, 51, 299]]"
0.019031286239624023,"[85, 83]","['person', 'person']","[[309, 119, 384, 287], [0, 107, 43, 298]]"
0.018213272094726562,[81],['person'],"[[305, 119, 388, 288]]"
0.02013254165649414,[85],['person'],"[[371, 129, 423, 279]]"
0.01850724220275879,"[82, 82]","['person', 'person']","[[0, 115, 48, 292], [304, 120, 383, 289]]"
0.019232511520385742,"[84, 82, 81]","['person', 'person', 'person']","[[303, 118, 371, 288], [372, 130, 423, 278], [0, 127, 39, 288]]"
0.019026756286621094,"[86, 84, 81]","['person', 'person', 'person']","[[367, 134, 423, 278], [0, 135, 32, 289], [302, 118, 362, 289]]"
0.019746065139770508,"[84, 83]","['person', 'person']","[[364, 135, 421, 278], [427, 155, 459, 258]]"
0.01905989646911621,"[86, 83, 82]","['person', 'person', 'person']","[[360, 135, 422, 281], [430, 155, 463, 258], [302, 116, 351, 289]]"
0.01821422576904297,"[86, 84, 83]","['person', 'person', 'person']","[[430, 155, 473, 259], [356, 135, 422, 279], [491, 156, 531, 254]]"
0.01800847053527832,"[86, 82]","['person', 'person']","[[431, 155, 480, 259], [353, 133, 421, 279]]"
0.018523216247558594,"[88, 86]","['person', 'person']","[[431, 154, 481, 258], [349, 133, 416, 279]]"
0.018689393997192383,"[85, 85]","['person', 'person']","[[432, 155, 482, 258], [347, 133, 411, 281]]"
0.018633604049682617,"[88, 81]","['person', 'person']","[[344, 133, 403, 279], [404, 124, 436, 271]]"
0.018445491790771484,"[86, 84]","['person', 'person']","[[341, 132, 394, 279], [447, 155, 482, 257]]"
0.02003645896911621,"[88, 83]","['person', 'person']","[[338, 132, 384, 278], [408, 125, 446, 271]]"
0.018507719039916992,"[86, 81, 81]","['person', 'person', 'person']","[[336, 132, 380, 278], [452, 153, 486, 258], [410, 125, 453, 271]]"
0.01916956901550293,"[86, 84, 82]","['person', 'person', 'person']","[[333, 132, 377, 278], [410, 125, 460, 271], [457, 152, 489, 258]]"
0.019107580184936523,"[87, 85, 83]","['person', 'person', 'person']","[[330, 133, 375, 278], [410, 125, 463, 271], [252, 119, 335, 290]]"
0.018910884857177734,"[89, 89, 87]","['person', 'person', 'person']","[[409, 127, 467, 271], [249, 119, 335, 290], [327, 133, 373, 279]]"
0.018999576568603516,"[89, 88, 84, 81]","['person', 'person', 'person', 'person']","[[410, 126, 470, 269], [248, 120, 333, 289], [322, 134, 372, 282], [465, 152, 505, 258]]"
0.01946854591369629,"[91, 88, 87, 87]","['person', 'person', 'person', 'person']","[[410, 128, 471, 270], [248, 120, 330, 289], [466, 152, 515, 258], [319, 134, 372, 279]]"
0.018694400787353516,"[90, 88, 87, 86]","['person', 'person', 'person', 'person']","[[411, 127, 471, 270], [249, 121, 326, 289], [467, 152, 519, 258], [317, 134, 372, 278]]"
0.01782679557800293,"[89, 86]","['person', 'person']","[[310, 134, 371, 281], [249, 121, 315, 289]]"
0.018998146057128906,"[90, 89, 86]","['person', 'person', 'person']","[[301, 134, 371, 281], [416, 127, 472, 270], [249, 121, 310, 288]]"
0.018113374710083008,"[89, 88, 85, 84, 83]","['person', 'person', 'person', 'person', 'person']","[[299, 134, 370, 281], [421, 127, 472, 269], [484, 151, 519, 258], [167, 184, 216, 267], [245, 121, 299, 288]]"
0.01880788803100586,"[89, 85, 83, 81]","['person', 'person', 'person', 'person']","[[299, 133, 368, 282], [488, 150, 521, 258], [167, 184, 211, 267], [436, 127, 472, 268]]"
0.020852088928222656,"[89, 83, 82]","['person', 'person', 'person']","[[298, 133, 366, 281], [237, 123, 285, 290], [490, 150, 523, 258]]"
0.019735336303710938,"[88, 86, 84, 83]","['person', 'person', 'person', 'person']","[[296, 132, 360, 281], [229, 123, 282, 290], [494, 150, 527, 258], [441, 126, 478, 268]]"
0.01900005340576172,"[89, 88, 85, 83]","['person', 'person', 'person', 'person']","[[293, 132, 353, 281], [216, 123, 281, 290], [497, 150, 531, 258], [443, 126, 479, 268]]"
0.019856929779052734,"[89, 89, 85, 81]","['person', 'person', 'person', 'person']","[[290, 132, 344, 281], [202, 122, 279, 289], [499, 150, 535, 258], [446, 126, 486, 268]]"
0.019715309143066406,"[89, 89, 86, 86]","['person', 'person', 'person', 'person']","[[195, 123, 278, 290], [502, 150, 546, 258], [447, 126, 496, 268], [287, 132, 335, 281]]"
0.01871967315673828,"[88, 88, 86, 82, 81]","['person', 'person', 'person', 'person', 'person']","[[502, 150, 555, 257], [194, 123, 278, 290], [284, 132, 330, 281], [449, 126, 503, 269], [79, 172, 122, 263]]"
0.019631385803222656,"[89, 89, 85, 84]","['person', 'person', 'person', 'person']","[[192, 123, 277, 289], [502, 150, 558, 258], [281, 132, 327, 281], [448, 126, 509, 269]]"
0.01900458335876465,"[91, 88, 85, 84]","['person', 'person', 'person', 'person']","[[191, 123, 278, 290], [504, 150, 559, 259], [448, 126, 513, 270], [276, 133, 324, 281]]"
0.019243478775024414,"[90, 88, 84, 83]","['person', 'person', 'person', 'person']","[[191, 123, 275, 290], [508, 150, 559, 258], [270, 133, 323, 281], [448, 126, 514, 269]]"
0.019707441329956055,"[92, 88, 87, 85]","['person', 'person', 'person', 'person']","[[191, 122, 273, 291], [512, 149, 559, 258], [450, 126, 517, 269], [267, 134, 323, 282]]"
0.018510103225708008,"[90, 89, 88, 87]","['person', 'person', 'person', 'person']","[[191, 121, 271, 290], [451, 126, 517, 269], [263, 135, 323, 281], [519, 148, 559, 257]]"
0.01941370964050293,"[90, 90, 88, 87, 82]","['person', 'person', 'person', 'person', 'person']","[[260, 136, 322, 281], [450, 125, 517, 269], [190, 120, 266, 290], [527, 148, 562, 257], [141, 184, 178, 267]]"
0.018625974655151367,"[91, 89, 88, 86]","['person', 'person', 'person', 'person']","[[253, 136, 322, 281], [453, 125, 518, 269], [533, 147, 565, 257], [192, 119, 258, 290]]"
0.019321918487548828,"[90, 90, 87, 85, 83]","['person', 'person', 'person', 'person', 'person']","[[252, 136, 322, 281], [455, 125, 518, 269], [535, 147, 570, 257], [190, 118, 249, 289], [63, 171, 94, 263]]"
0.019001007080078125,"[90, 87, 81]","['person', 'person', 'person']","[[252, 136, 320, 281], [540, 146, 578, 257], [189, 119, 242, 289]]"
0.02016758918762207,"[89, 89, 85, 81]","['person', 'person', 'person', 'person']","[[541, 146, 588, 257], [250, 135, 316, 281], [44, 173, 93, 263], [185, 119, 235, 290]]"
0.020313262939453125,"[90, 87, 85, 81]","['person', 'person', 'person', 'person']","[[542, 147, 597, 257], [248, 135, 311, 281], [472, 123, 518, 268], [184, 120, 229, 289]]"
0.019406795501708984,"[90, 88, 83, 83]","['person', 'person', 'person', 'person']","[[541, 147, 600, 257], [245, 135, 302, 281], [175, 120, 225, 289], [480, 123, 521, 268]]"
0.018603086471557617,"[90, 87, 87, 85, 81]","['person', 'person', 'person', 'person', 'person']","[[543, 147, 602, 257], [482, 122, 525, 268], [242, 135, 294, 281], [164, 120, 224, 290], [431, 156, 464, 253]]"
0.019015789031982422,"[90, 88, 87, 86, 82]","['person', 'person', 'person', 'person', 'person']","[[545, 146, 602, 257], [154, 120, 223, 290], [484, 122, 528, 268], [239, 135, 284, 281], [429, 157, 463, 253]]"
0.018999576568603516,"[89, 87, 84, 84]","['person', 'person', 'person', 'person']","[[549, 147, 602, 257], [148, 121, 224, 290], [486, 123, 531, 268], [236, 135, 281, 281]]"
0.019317626953125,"[89, 88, 87, 86]","['person', 'person', 'person', 'person']","[[145, 121, 223, 290], [555, 146, 602, 257], [488, 123, 535, 269], [233, 135, 278, 281]]"
0.02038860321044922,"[90, 88, 88, 84]","['person', 'person', 'person', 'person']","[[143, 122, 223, 290], [562, 145, 602, 257], [491, 123, 541, 269], [222, 135, 277, 282]]"
0.019579648971557617,"[90, 89, 87, 84, 82]","['person', 'person', 'person', 'person', 'person']","[[141, 123, 223, 291], [492, 124, 545, 269], [571, 145, 603, 257], [423, 157, 463, 253], [222, 135, 274, 281]]"
0.019672632217407227,"[88, 88, 86, 84, 84]","['person', 'person', 'person', 'person', 'person']","[[489, 125, 545, 270], [140, 123, 220, 291], [574, 145, 607, 256], [213, 136, 273, 281], [422, 157, 459, 253]]"
0.02100539207458496,"[89, 86, 86, 85, 82]","['person', 'person', 'person', 'person', 'person']","[[491, 125, 546, 268], [578, 145, 613, 257], [139, 123, 217, 290], [211, 137, 272, 281], [419, 157, 457, 254]]"
0.01900625228881836,"[89, 89, 89, 89, 81]","['person', 'person', 'person', 'person', 'person']","[[135, 123, 213, 291], [213, 137, 273, 282], [491, 125, 547, 268], [581, 145, 625, 257], [417, 157, 453, 254]]"
0.019692659378051758,"[89, 89, 88, 87, 83]","['person', 'person', 'person', 'person', 'person']","[[133, 123, 207, 291], [202, 138, 272, 282], [493, 125, 547, 268], [582, 146, 634, 258], [2, 172, 55, 265]]"
0.019589662551879883,"[89, 89, 87, 84, 83]","['person', 'person', 'person', 'person', 'person']","[[200, 138, 271, 283], [582, 145, 637, 257], [496, 125, 547, 268], [2, 172, 54, 266], [132, 123, 200, 290]]"
0.019912004470825195,"[90, 90, 86, 86, 81]","['person', 'person', 'person', 'person', 'person']","[[200, 137, 271, 282], [583, 146, 637, 257], [500, 125, 547, 268], [129, 123, 190, 289], [1, 172, 52, 265]]"
0.019451618194580078,"[90, 89, 88, 87, 85]","['person', 'person', 'person', 'person', 'person']","[[200, 137, 270, 282], [585, 146, 638, 258], [126, 123, 183, 290], [501, 125, 547, 267], [0, 172, 50, 266]]"
0.019979476928710938,"[90, 88, 88, 85, 84, 83]","['person', 'person', 'person', 'person', 'person', 'person']","[[200, 137, 267, 281], [126, 122, 177, 290], [588, 145, 638, 257], [0, 171, 48, 266], [508, 125, 548, 267], [407, 157, 435, 254]]"
0.02003335952758789,"[88, 87, 86, 86, 82]","['person', 'person', 'person', 'person', 'person']","[[199, 136, 260, 281], [595, 144, 638, 256], [514, 125, 553, 266], [121, 122, 175, 291], [405, 157, 434, 253]]"
0.01969742774963379,"[88, 88, 87, 85, 81]","['person', 'person', 'person', 'person', 'person']","[[602, 143, 639, 256], [111, 121, 173, 291], [196, 135, 253, 282], [516, 125, 556, 266], [404, 157, 434, 254]]"
0.019661426544189453,"[89, 88, 86, 85, 82]","['person', 'person', 'person', 'person', 'person']","[[98, 122, 171, 289], [606, 143, 639, 256], [193, 136, 245, 282], [518, 125, 559, 267], [402, 158, 434, 254]]"
0.01983928680419922,"[90, 87, 86, 86, 84, 83]","['person', 'person', 'person', 'person', 'person', 'person']","[[87, 122, 170, 291], [609, 143, 639, 256], [191, 136, 236, 281], [520, 125, 563, 267], [14, 167, 54, 257], [401, 158, 434, 254]]"
0.018997669219970703,"[90, 89, 88, 84, 83]","['person', 'person', 'person', 'person', 'person']","[[82, 122, 169, 291], [522, 125, 574, 266], [612, 143, 639, 256], [186, 136, 230, 282], [399, 158, 434, 254]]"
0.019598960876464844,"[90, 89, 87, 85, 84]","['person', 'person', 'person', 'person', 'person']","[[83, 123, 167, 290], [524, 125, 583, 267], [615, 143, 639, 256], [183, 137, 228, 282], [396, 158, 433, 255]]"
0.0191192626953125,"[89, 88, 84, 83, 81]","['person', 'person', 'person', 'person', 'person']","[[82, 123, 167, 290], [524, 126, 590, 269], [394, 157, 432, 256], [617, 144, 639, 256], [179, 137, 226, 282]]"
0.01965498924255371,"[89, 88, 84, 83, 81]","['person', 'person', 'person', 'person', 'person']","[[81, 122, 167, 291], [524, 125, 594, 268], [394, 157, 428, 256], [172, 137, 224, 282], [620, 148, 639, 256]]"
0.019955873489379883,"[88, 87, 87]","['person', 'person', 'person']","[[81, 122, 166, 291], [524, 125, 593, 269], [163, 138, 224, 283]]"
0.019312381744384766,"[89, 88, 86, 82, 81]","['person', 'person', 'person', 'person', 'person']","[[526, 126, 595, 268], [81, 123, 163, 291], [161, 138, 224, 283], [321, 170, 353, 257], [392, 157, 419, 255]]"
0.020134925842285156,"[89, 88, 88, 83, 82]","['person', 'person', 'person', 'person', 'person']","[[80, 123, 160, 291], [526, 125, 595, 267], [159, 139, 223, 283], [390, 157, 414, 256], [319, 170, 351, 257]]"
0.019924640655517578,"[90, 89, 89, 84]","['person', 'person', 'person', 'person']","[[527, 125, 595, 266], [156, 139, 223, 283], [74, 122, 155, 290], [388, 157, 412, 256]]"
0.019998788833618164,"[90, 88, 88, 85]","['person', 'person', 'person', 'person']","[[528, 124, 595, 266], [155, 139, 222, 282], [70, 122, 150, 290], [385, 157, 410, 255]]"
0.01924419403076172,"[91, 91, 88, 83, 81]","['person', 'person', 'person', 'person', 'person']","[[530, 123, 595, 266], [68, 122, 143, 290], [155, 139, 221, 283], [383, 157, 409, 256], [0, 164, 27, 258]]"
0.018358469009399414,"[90, 88, 87, 84, 81]","['person', 'person', 'person', 'person', 'person']","[[534, 123, 595, 266], [155, 138, 218, 283], [68, 122, 130, 289], [380, 157, 409, 256], [0, 165, 25, 259]]"
0.01851034164428711,"[89, 87, 87, 86, 84, 82, 82]","['person', 'person', 'person', 'person', 'person', 'person', 'person']","[[537, 122, 595, 266], [155, 138, 214, 282], [375, 157, 409, 256], [66, 122, 125, 291], [121, 153, 168, 272], [310, 170, 339, 256], [0, 166, 24, 257]]"
0.018683910369873047,"[89, 87, 86, 84, 83, 82]","['person', 'person', 'person', 'person', 'person', 'person']","[[64, 122, 123, 291], [541, 122, 596, 266], [153, 139, 206, 282], [371, 158, 408, 255], [120, 153, 166, 273], [309, 171, 337, 256]]"
0.01845240592956543,"[89, 88, 87, 82]","['person', 'person', 'person', 'person']","[[62, 122, 120, 291], [368, 158, 409, 256], [551, 121, 599, 266], [149, 138, 199, 282]]"
0.018076658248901367,"[88, 87, 86]","['person', 'person', 'person']","[[60, 123, 117, 291], [367, 158, 409, 256], [556, 121, 604, 266]]"
0.01872539520263672,"[88, 87, 87]","['person', 'person', 'person']","[[559, 121, 607, 265], [365, 159, 408, 256], [53, 124, 114, 291]]"
0.019292593002319336,"[87, 87, 85, 83, 82]","['person', 'person', 'person', 'person', 'person']","[[364, 158, 408, 256], [50, 125, 113, 291], [560, 121, 608, 267], [139, 138, 183, 282], [541, 151, 575, 263]]"
0.019040346145629883,"[89, 88, 87, 84, 82]","['person', 'person', 'person', 'person', 'person']","[[49, 126, 112, 291], [563, 122, 611, 266], [364, 158, 406, 257], [129, 138, 181, 283], [541, 152, 576, 262]]"
0.020087242126464844,"[90, 88, 87, 86]","['person', 'person', 'person', 'person']","[[47, 127, 112, 291], [565, 122, 614, 266], [363, 158, 403, 257], [117, 138, 180, 283]]"
0.01949477195739746,"[87, 87, 86, 82, 82]","['person', 'person', 'person', 'person', 'person']","[[566, 122, 618, 266], [362, 158, 400, 257], [44, 127, 112, 291], [123, 139, 180, 282], [103, 154, 143, 271]]"
0.01994943618774414,"[88, 88, 87, 85, 84]","['person', 'person', 'person', 'person', 'person']","[[46, 127, 111, 290], [568, 123, 621, 266], [106, 139, 178, 283], [361, 158, 396, 255], [99, 154, 140, 270]]"
0.018908262252807617,"[89, 89, 87, 83]","['person', 'person', 'person', 'person']","[[43, 127, 106, 290], [569, 122, 623, 266], [106, 140, 177, 284], [359, 158, 391, 256]]"
0.0191347599029541,"[90, 87, 87, 82]","['person', 'person', 'person', 'person']","[[569, 123, 624, 266], [39, 126, 103, 292], [102, 139, 176, 284], [356, 157, 386, 256]]"
0.018990755081176758,"[88, 87, 83]","['person', 'person', 'person']","[[103, 139, 175, 283], [570, 123, 624, 266], [353, 157, 381, 256]]"
0.018862485885620117,"[88, 88, 85]","['person', 'person', 'person']","[[571, 123, 624, 266], [101, 139, 175, 284], [351, 158, 378, 258]]"
0.0186464786529541,"[89, 88, 86]","['person', 'person', 'person']","[[101, 139, 174, 284], [573, 123, 626, 265], [348, 158, 377, 258]]"
0.017995834350585938,"[90, 86, 84, 84, 83]","['person', 'person', 'person', 'person', 'person']","[[101, 139, 172, 284], [577, 123, 625, 265], [346, 157, 377, 257], [556, 149, 593, 260], [27, 127, 83, 291]]"
0.018862009048461914,"[89, 87, 85, 85, 81]","['person', 'person', 'person', 'person', 'person']","[[101, 139, 167, 284], [22, 127, 81, 292], [344, 158, 377, 257], [582, 124, 626, 265], [562, 149, 593, 261]]"
0.018761157989501953,"[89, 88, 86, 86]","['person', 'person', 'person', 'person']","[[100, 138, 160, 284], [17, 127, 80, 291], [343, 158, 377, 257], [587, 123, 628, 264]]"
0.019076108932495117,"[88, 86, 84, 83]","['person', 'person', 'person', 'person']","[[4, 127, 78, 290], [341, 158, 376, 258], [99, 138, 152, 284], [590, 123, 630, 264]]"
0.01992654800415039,"[90, 86, 82, 81, 81, 81]","['person', 'person', 'person', 'person', 'person', 'person']","[[0, 130, 76, 291], [339, 158, 377, 259], [99, 137, 144, 284], [592, 123, 634, 264], [77, 156, 114, 271], [574, 149, 601, 261]]"
0.01860952377319336,"[90, 87, 86, 82]","['person', 'person', 'person', 'person']","[[0, 130, 73, 290], [593, 123, 639, 265], [339, 158, 374, 258], [575, 149, 602, 261]]"
0.019320964813232422,"[89, 88, 83]","['person', 'person', 'person']","[[0, 129, 71, 290], [595, 123, 639, 264], [337, 158, 368, 258]]"
0.020090103149414062,"[89, 87, 84]","['person', 'person', 'person']","[[0, 129, 70, 290], [598, 123, 639, 265], [336, 157, 361, 258]]"
0.019946575164794922,"[91, 87, 86, 82]","['person', 'person', 'person', 'person']","[[0, 130, 70, 290], [599, 123, 639, 264], [334, 157, 358, 259], [79, 139, 128, 284]]"
0.01925039291381836,"[91, 87, 87, 83]","['person', 'person', 'person', 'person']","[[0, 130, 66, 290], [601, 123, 639, 265], [332, 157, 356, 259], [71, 140, 127, 284]]"
0.019467592239379883,"[91, 86, 86, 84, 81]","['person', 'person', 'person', 'person', 'person']","[[0, 129, 66, 290], [66, 140, 127, 284], [604, 123, 639, 265], [329, 157, 355, 259], [58, 156, 106, 273]]"
0.018970012664794922,"[92, 89, 86, 85, 85]","['person', 'person', 'person', 'person', 'person']","[[0, 129, 61, 289], [63, 141, 127, 284], [605, 123, 639, 264], [260, 172, 295, 260], [326, 157, 354, 259]]"
0.018512725830078125,"[89, 88, 87, 85, 85]","['person', 'person', 'person', 'person', 'person']","[[63, 142, 127, 284], [0, 128, 52, 287], [260, 172, 293, 260], [605, 123, 639, 265], [318, 157, 355, 259]]"
0.018615007400512695,"[90, 88, 86, 86, 84]","['person', 'person', 'person', 'person', 'person']","[[62, 142, 126, 284], [0, 127, 46, 287], [257, 172, 290, 261], [310, 157, 355, 259], [605, 123, 639, 265]]"
0.018987178802490234,"[87, 86, 86, 85, 84]","['person', 'person', 'person', 'person', 'person']","[[62, 141, 125, 284], [305, 157, 355, 259], [0, 128, 47, 287], [606, 122, 639, 264], [256, 172, 287, 260]]"
0.019933462142944336,"[88, 86, 86, 83, 82]","['person', 'person', 'person', 'person', 'person']","[[61, 140, 124, 284], [0, 127, 47, 289], [304, 158, 355, 260], [605, 123, 639, 264], [254, 172, 283, 260]]"
0.01890087127685547,"[89, 88, 87, 81]","['person', 'person', 'person', 'person']","[[61, 141, 120, 284], [303, 158, 354, 260], [0, 127, 45, 290], [607, 123, 639, 263]]"
0.018000364303588867,"[90, 89, 89]","['person', 'person', 'person']","[[303, 158, 354, 260], [0, 128, 44, 290], [61, 141, 113, 284]]"
0.019802570343017578,"[89, 87, 83]","['person', 'person', 'person']","[[303, 158, 352, 260], [0, 128, 40, 290], [60, 140, 107, 284]]"
0.021949291229248047,"[89, 85]","['person', 'person']","[[303, 157, 348, 260], [0, 131, 39, 290]]"
0.02000880241394043,"[89, 82, 82, 82]","['person', 'person', 'person', 'person']","[[303, 157, 344, 260], [605, 148, 638, 260], [242, 172, 274, 260], [0, 132, 37, 290]]"
0.020200014114379883,"[88, 83, 82]","['person', 'person', 'person']","[[302, 157, 339, 260], [239, 172, 273, 261], [606, 148, 639, 261]]"
0.019320964813232422,"[87, 84, 82]","['person', 'person', 'person']","[[300, 157, 333, 259], [238, 172, 271, 261], [608, 147, 639, 260]]"
0.018369197845458984,"[85, 84, 82]","['person', 'person', 'person']","[[298, 157, 327, 258], [608, 148, 639, 261], [238, 173, 270, 261]]"
0.020998477935791016,"[84, 83]","['person', 'person']","[[611, 148, 639, 260], [296, 156, 321, 259]]"
0.019506454467773438,"[85, 83]","['person', 'person']","[[293, 156, 320, 260], [612, 149, 639, 261]]"
0.018095016479492188,"[88, 85, 83]","['person', 'person', 'person']","[[613, 150, 639, 261], [289, 156, 319, 260], [8, 142, 84, 284]]"
0.019694805145263672,"[86, 86, 84, 82]","['person', 'person', 'person', 'person']","[[8, 142, 81, 286], [614, 149, 639, 260], [282, 157, 320, 260], [567, 156, 601, 253]]"
0.019022226333618164,"[85, 83, 82, 82]","['person', 'person', 'person', 'person']","[[615, 149, 639, 260], [278, 157, 319, 260], [567, 155, 598, 253], [9, 142, 80, 285]]"
0.01906752586364746,"[86, 85, 82]","['person', 'person', 'person']","[[274, 157, 319, 260], [614, 147, 639, 260], [9, 141, 79, 285]]"
0.0189971923828125,"[87, 85, 84]","['person', 'person', 'person']","[[271, 157, 318, 261], [611, 147, 639, 259], [224, 172, 252, 260]]"
0.02010035514831543,"[86, 85, 81]","['person', 'person', 'person']","[[271, 157, 318, 261], [9, 140, 76, 285], [223, 172, 250, 260]]"
0.020499706268310547,"[87, 87]","['person', 'person']","[[271, 157, 315, 261], [2, 140, 72, 285]]"
0.020089149475097656,"[88, 84]","['person', 'person']","[[271, 157, 312, 261], [3, 140, 65, 285]]"
0.01853632926940918,"[87, 83, 82]","['person', 'person', 'person']","[[270, 156, 307, 261], [2, 140, 58, 284], [600, 148, 635, 254]]"
0.019969701766967773,"[85, 82, 81]","['person', 'person', 'person']","[[270, 156, 302, 261], [0, 140, 50, 284], [214, 172, 245, 261]]"
0.01934981346130371,"[88, 87, 85, 81]","['person', 'person', 'person', 'person']","[[268, 156, 293, 261], [598, 148, 639, 254], [0, 139, 45, 284], [210, 172, 243, 260]]"
0.02036881446838379,"[87, 86, 84]","['person', 'person', 'person']","[[598, 147, 639, 254], [266, 156, 290, 261], [0, 140, 43, 284]]"
0.019098758697509766,"[90, 85, 83, 81]","['person', 'person', 'person', 'person']","[[598, 146, 639, 253], [264, 156, 289, 261], [0, 140, 41, 285], [540, 156, 581, 253]]"
0.018599510192871094,"[90, 84]","['person', 'person']","[[598, 146, 639, 254], [262, 156, 288, 262]]"
0.019542694091796875,"[87, 84, 82]","['person', 'person', 'person']","[[598, 146, 638, 253], [255, 156, 287, 261], [541, 154, 581, 253]]"
0.019046783447265625,"[86, 85, 83]","['person', 'person', 'person']","[[597, 145, 633, 254], [248, 156, 287, 261], [538, 154, 579, 253]]"
0.01887798309326172,"[86, 84, 81]","['person', 'person', 'person']","[[242, 156, 287, 261], [536, 153, 575, 253], [593, 145, 627, 255]]"
0.01946425437927246,"[87, 83, 81]","['person', 'person', 'person']","[[239, 156, 287, 261], [591, 145, 623, 255], [535, 154, 569, 253]]"
